nombre_gen	secuencia_fw	Tm_fw	Ta_fw	secuencia_rv	Tm_rv	Ta_rv	tamanio_producto
PROKKA_00001	CCGCGACCTGTGTTGTACAA	152	147	TGTAGAACGCTGGCGGCATC	128	123	153
PROKKA_00002	TGGGACCTCCATTATTACTG	146	141	GTTAGGTCATTTCACAATAT	108	103	960
PROKKA_00003	GTTATAATGCTTAAGTACGC	106	101	CATAATGATCGGCGTCTGGT	120	115	411
PROKKA_00004	GGCGTTTTTCCGCCGCACAA	160	155	GCTGAAAAGCCCGTCCTGCA	160	155	1281
PROKKA_00005	ATACCTCTGTAGAATTACAG	132	127	CCTGAGGAAGGTCTCGGGAT	112	107	954
PROKKA_00006	CGCTTCCTCTTCCTTTACTA	212	207	TCTGATCCTTCGCCGCTGCC	178	173	345
PROKKA_00007	GTCCTCCTCGTTTATTACGT	168	163	TATAGGCCTGATAAAGTCGA	104	99	165
PROKKA_00008	TCCGGGCGGCTGGATTTATG	112	107	AAGTTAATACTAACAGGACG	106	101	1593
PROKKA_00009	CTTCCCGCGGAGGTAAACTC	160	155	CCTAAAGCTGTCCCCAAAAG	180	175	888
PROKKA_00010	TTGGCTGAATATGTTTCAAA	80	75	GAGTACCGGAGCAGCGTAGG	108	103	1416
PROKKA_00011	TTACCGGTATGAAACTCATG	128	123	GAGTACGACGGTAGCTTGGA	98	93	1434
PROKKA_00012	CGGCTGGGCGCGTGGTTATC	116	111	AGGTACTTGCTAGGAGGGGG	80	75	1107
PROKKA_00013	CTCCCCCGATCAAACTCACG	208	203	GCGTGAACCGGGAGAAAACC	128	123	1356
PROKKA_00014	AGTTTCCTTAACCGTTACCG	168	163	TGTAATACCGTACAACGGTT	128	123	1494
PROKKA_00015	CTCGGCCCGGATTTCCTAGA	160	155	GAGTAATAAGGGAGGTATAT	28	23	1074
PROKKA_00016	AGGCTTAATGTAACATTAAG	80	75	TTGTACTATCCTTTTAGAAT	110	105	954
PROKKA_00017	GTCCTCCTAATAAGGTACTG	146	141	AATAGTATATATATAATACA	44	39	1500
PROKKA_00018	CGCCCTCCTTCGCTATACTA	206	201	TTTGAAGGGATGTTTCAAAT	52	47	174
PROKKA_00019	TAAATCCCCCTTAAGTACTT	184	179	AATGAAGCGCGACAAACAGT	124	119	627
PROKKA_00020	TAAATTCCTCTTCGTTACGC	176	171	ACTAGGTTGTAGAAACGAAT	80	75	1290
PROKKA_00021	CATAAAAGGGCGACTTACGC	140	135	GATGATGAAAACCGTTGCCG	120	115	576
PROKKA_00022	CTTCCCAAACGTCCCTACTA	220	215	CCTGACAATGCTATGTCAGG	140	135	633
PROKKA_00023	TTTATCTGCGACGTGTACTC	146	141	AATGATCCCACGTCCGGCAC	176	171	1563
PROKKA_00024	CAAAAAACTCTCAAACACCC	224	219	ACTGATTCGGAGCCTTGAGA	120	115	1257
PROKKA_00025	TTGCTCCATAAGCCACACCT	200	195	CCTGAATTGTGGCGGCCAAC	144	139	231
PROKKA_00026	GGCCAACCCGGCACGTACTC	164	159	CCTAATAGACGGTGAGTGAG	100	95	1059
